use hotel;

INSERT INTO client (name, surname, date_of_birth, passport_number) VALUES
('Артем', 'Глоба', 2004, 123456789),
('Петро', 'Рашенко', 1999, 987654321),
('Людмила', 'Сідорова', 2002, 456789123),
('Ганна', 'Шевченко', 1998, 789123456),
('Сергій', 'Семенов', 2005, 321654987),
('Олександр', 'Петров', 1980, 111222333),
('Ірина', 'Коваленко', 1985, 444555666),
('Максим', 'Мельник', 1995, 777888999),
('Наталія', 'Козачук', 1975, 333444555),
('Юлія', 'Лисенко', 1990, 666777888),
('Олена', 'Іванова', 1988, 999000111),
('Віталій', 'Захаренко', 1970, 222333444),
('Вікторія', 'Полякова', 1982, 555666777),
('Ігор', 'Сергієнко', 1993, 888999000),
('Василь', 'Сергієнко', 1988, 888999008);

INSERT INTO phone_number (id_client, phone_number) VALUES
(1, 0971234567),
(2, 0669876543),
(3, 0501112233),
(4, 0674445566),
(5, 0937778899),
(6, 0685556666),
(7, 0998887777),
(8, 0663332222),
(9, 0679998888),
(10, 0951112222),
(11, 0987776666),
(12, 0502223333),
(13, 0635554444),
(14, 0681112222),
(15, 0973334444);

INSERT INTO price (room_type, price_per_day) VALUES
('Econom', 300),
('Standard', 500),
('Luxury', 1000),
('Presidential', 2000),
('Studio', 400);

INSERT INTO room (room_number, number_sleeping_places, room_type) VALUES
(101, 1, 'Econom'),
(102, 2, 'Standard'),
(103, 2, 'Luxury'),
(201, 1, 'Presidential'),
(202, 2, 'Studio'),
(301, 1, 'Econom'),
(302, 2, 'Standard'),
(303, 2, 'Luxury'),
(401, 1, 'Presidential'),
(402, 2, 'Studio'),
(501, 1, 'Econom'),
(502, 2, 'Standard'),
(503, 2, 'Luxury'),
(601, 1, 'Presidential'),
(602, 2, 'Studio');

INSERT INTO rent (room_number, id_client, check_in, check_out) VALUES
(101, 1, '2024-05-13 14:00:00', '2024-05-15 12:00:00'),
(102, 2, '2024-05-14 15:00:00', '2024-05-17 10:00:00'),
(103, 3, '2024-05-15 12:00:00', '2024-05-18 12:00:00'),
(201, 4, '2024-05-16 10:00:00', '2024-05-18 10:00:00'),
(202, 5, '2024-05-17 09:00:00', '2024-05-19 11:00:00'),
(301, 6, '2024-05-13 14:00:00', '2024-05-15 12:00:00'),
(302, 7, '2024-05-14 15:00:00', '2024-05-17 10:00:00'),
(303, 8, '2024-05-15 12:00:00', '2024-05-18 12:00:00'),
(401, 9, '2024-05-16 10:00:00', '2024-05-18 10:00:00'),
(402, 10, '2024-05-17 09:00:00', '2024-05-19 11:00:00'),
(501, 11, '2024-05-13 14:00:00', '2024-05-15 12:00:00'),
(502, 12, '2024-05-14 15:00:00', '2024-05-17 10:00:00'),
(503, 13, '2024-05-15 12:00:00', '2024-05-18 12:00:00'),
(601, 14, '2024-05-16 10:00:00', '2024-05-18 10:00:00'),
(602, 15, '2024-05-17 09:00:00', '2024-05-19 11:00:00');


select * from client;


